Habitat Type,Tree Species,Plant Species,Vegetation Subseries,Habitat Type Manual,State
PJ/DG,PJ,DG,PJ/DG,ADDED,
SF/STOC,COLDF,DG,COLDF/DG,BLUE MT,OR
SF/CAGE,COLDF,DG,COLDF/DG,BLUE MT,OR
SF/LIBO,COLDF,DH,COLDF/DH,BLUE MT,OR
SF/MEFE,COLDF,DH,COLDF/DH,BLUE MT,OR
SF/VAME,COLDF,DH,COLDF/DH,BLUE MT,OR
SF/ARCO,COLDF,DH,COLDF/DH,BLUE MT,OR
LP/VASC,COLDF,DH,COLDF/DH,BLUE MT,OR
SF/VASC,COLDF,DS,COLDF/DS,BLUE MT,OR
SF/CLUN,COLDF,MH,COLDF/MH,BLUE MT,OR
SF/TRCA,COLDF,WF,COLDF/WF,BLUE MT,OR
GF/SPBE,COOLF,DH,COOLF/DH,BLUE MT,OR
GF/VASC-LIBO,COOLF,DH,COOLF/DH,BLUE MT,OR
GF/VAME,COOLF,DH,COOLF/DH,BLUE MT,OR
LP/VAME-LIBO,COOLF,DH,COOLF/DH,BLUE MT,OR
GF/BRVU,COOLF,DH,COOLF/DH,BLUE MT,OR
GF/TABR/LIBO,COOLF,DH,COOLF/DH,BLUE MT,OR
GF/LIBO,COOLF,DH,COOLF/DH,BLUE MT,OR
GF/ARCO,COOLF,DS,COOLF/DS,BLUE MT,OR
GF/VASC,COOLF,DS,COOLF/DS,BLUE MT,OR
GF/CAGE,COOLF,DS,COOLF/DS,BLUE MT,OR
GF/CARU,COOLF,DS,COOLF/DS,BLUE MT,OR
GF/CLUN,COOLF,MH,COOLF/MH,BLUE MT,OR
GF/TABR/CLUN,COOLF,MH,COOLF/MH,BLUE MT,OR
GF/ACGL,COOLF,MH,COOLF/MH,BLUE MT,OR
GF/TRCA,COOLF,WF,COOLF/WF,BLUE MT,OR
GF/GYDR,COOLF,WF,COOLF/WF,BLUE MT,OR
GF/POMU-ASCA,COOLF,WH,COOLF/WH,BLUE MT,OR
LP/VASC/CARU,COOLP,DH,COOLP/DH,BLUE MT,OR
LP/VAME/CARU,COOLP,DH,COOLP/DH,BLUE MT,OR
LP(GF)/CAR,COOLP,DS,COOLP/DS,BLUE MT,OR
LP/CARU,COOLP,DS,COOLP/DS,BLUE MT,OR
DF/PHMA,DF,DH,DF/DH,BLUE MT,OR
DF/VAME,DF,DH,DF/DH,BLUE MT,OR
DF/CARU,DF,DS,DF/DS,BLUE MT,OR
DF/SYAL,DF,DS,DF/DS,BLUE MT,OR
DF/SYOR,DF,DS,DF/DS,BLUE MT,OR
DF/CAGE,DF,DS,DF/DS,BLUE MT,OR
DF/HODI,DF,MH,DF/MH,BLUE MT,OR
PP/PUTR/CARO,PP,DG,PP/DG,BLUE MT,OR
PP/CELE/PONE,PP,DG,PP/DG,BLUE MT,OR
PP/CELE/FEID,PP,DG,PP/DG,BLUE MT,OR
PP/ARTRV/FEI,PP,DG,PP/DG,BLUE MT,OR
PP/PUTR/FEID,PP,DS,PP/DS,BLUE MT,OR
PP/SYAL,PP,DS,PP/DS,BLUE MT,OR
PP/PUTR/CAGE,PP,DS,PP/DS,BLUE MT,OR
PP/FEID,PP,DS,PP/DS,BLUE MT,OR
PP/SYOR,PP,DS,PP/DS,BLUE MT,OR
PP/AGSP,PP,DS,PP/DS,BLUE MT,OR
PP/CELE/CAGE,PP,DS,PP/DS,BLUE MT,OR
PP/CARU,PP,DS,PP/DS,BLUE MT,OR
PP/CAGE,PP,DS,PP/DS,BLUE MT,OR
SF/WBP/SF,COLDF,DG,COLDF/DG,CENTRAL ID,ID
SF/RIMO,COLDF,DG,COLDF/DG,CENTRAL ID,ID
SF/JUCO,COLDF,DG,COLDF/DG,CENTRAL ID,ID
ES/HYRE,COLDF,DG,COLDF/DG,CENTRAL ID,ID
SF/CAGE/ARTR,COLDF,DG,COLDF/DG,CENTRAL ID,ID
SF/ARCO,COLDF,DG,COLDF/DG,CENTRAL ID,ID
SF/VAGL,COLDF,DH,COLDF/DH,CENTRAL ID,ID
SF/XETE/LUHI,COLDF,DH,COLDF/DH,CENTRAL ID,ID
SF/LIBO,COLDF,DH,COLDF/DH,CENTRAL ID,ID
SF/XETE/VAGL,COLDF,DH,COLDF/DH,CENTRAL ID,ID
SF/LUHI/LUHI,COLDF,DH,COLDF/DH,CENTRAL ID,ID
SF/XETE/VASC,COLDF,DH,COLDF/DH,CENTRAL ID,ID
SF/VACA,COLDF,DH,COLDF/DH,CENTRAL ID,ID
SF/CAGE/CAGE,COLDF,DH,COLDF/DH,CENTRAL ID,ID
SF/MEFE,COLDF,DH,COLDF/DH,CENTRAL ID,ID
SF/CACA/VACA,COLDF,DH,COLDF/DH,CENTRAL ID,ID
SF/LUHI/VASC,COLDF,DH,COLDF/DH,CENTRAL ID,ID
SF/SPBE,COLDF,DS,COLDF/DS,CENTRAL ID,ID
SF/VASC/VASC,COLDF,DS,COLDF/DS,CENTRAL ID,ID
SF/CARU,COLDF,DS,COLDF/DS,CENTRAL ID,ID
SF/VASC/WBP,COLDF,DS,COLDF/DS,CENTRAL ID,ID
SF/ACGL,COLDF,DS,COLDF/DS,CENTRAL ID,ID
SF/VASC/CARU,COLDF,DS,COLDF/DS,CENTRAL ID,ID
SF/CLUN,COLDF,MH,COLDF/MH,CENTRAL ID,ID
ES/CADI,COLDF,WF,COLDF/WF,CENTRAL ID,ID
SF/CABI,COLDF,WF,COLDF/WF,CENTRAL ID,ID
SF/STAM/STAM,COLDF,WF,COLDF/WF,CENTRAL ID,ID
SF/CACA/LEGL,COLDF,WF,COLDF/WF,CENTRAL ID,ID
SF/CACA/LICA,COLDF,WF,COLDF/WF,CENTRAL ID,ID
SF/STAM/LICA,COLDF,WF,COLDF/WF,CENTRAL ID,ID
SF/CACA/CACA,COLDF,WH,COLDF/WH,CENTRAL ID,ID
GF/LIBO/VAGL,COOLF,DH,COOLF/DH,CENTRAL ID,ID
GF/LIBO/LIBO,COOLF,DH,COOLF/DH,CENTRAL ID,ID
GF/ACGL/PHMA,COOLF,DH,COOLF/DH,CENTRAL ID,ID
GF/ACGL/ACGL,COOLF,DH,COOLF/DH,CENTRAL ID,ID
GF/SPBE,COOLF,DH,COOLF/DH,CENTRAL ID,ID
GF/VACA,COOLF,DS,COOLF/DS,CENTRAL ID,ID
GF/CARU,COOLF,DS,COOLF/DS,CENTRAL ID,ID
GF/CLUN,COOLF,MH,COOLF/MH,CENTRAL ID,ID
GF/VAGL,COOLF,WH,COOLF/WH,CENTRAL ID,ID
LP/FEID,COOLP,DS,COOLP/DS,CENTRAL ID,ID
DF/ARCO/ASMI,DF,DG,DF/DG,CENTRAL ID,ID
FP/FEID,DF,DG,DF/DG,CENTRAL ID,ID
DF/ARCO/ARCO,DF,DG,DF/DG,CENTRAL ID,ID
DF/AGSP,DF,DG,DF/DG,CENTRAL ID,ID
DF/JUCO,DF,DG,DF/DG,CENTRAL ID,ID
DF/CAGE/SYOR,DF,DG,DF/DG,CENTRAL ID,ID
DF/FEID/PP,DF,DG,DF/DG,CENTRAL ID,ID
DF/FEID/FEID,DF,DG,DF/DG,CENTRAL ID,ID
DF/CELE,DF,DG,DF/DG,CENTRAL ID,ID
DF/BERE/BERE,DF,DH,DF/DH,CENTRAL ID,ID
DF/BERE/SYOR,DF,DH,DF/DH,CENTRAL ID,ID
DF/PHMA/PP,DF,DH,DF/DH,CENTRAL ID,ID
DF/ACGL/ACGL,DF,DH,DF/DH,CENTRAL ID,ID
DF/OSCH,DF,DS,DF/DS,CENTRAL ID,ID
DF/SPBE/CARU,DF,DS,DF/DS,CENTRAL ID,ID
DF/SPBE/PP,DF,DS,DF/DS,CENTRAL ID,ID
DF/SPBE/SPBE,DF,DS,DF/DS,CENTRAL ID,ID
DF/SYAL/PP,DF,DS,DF/DS,CENTRAL ID,ID
DF/SYAL/SYAL,DF,DS,DF/DS,CENTRAL ID,ID
DF/SYOR,DF,DS,DF/DS,CENTRAL ID,ID
DF/PHMA/DF,DF,DS,DF/DS,CENTRAL ID,ID
DF/CARU/PP,DF,DS,DF/DS,CENTRAL ID,ID
DF/CARU/FEID,DF,DS,DF/DS,CENTRAL ID,ID
DF/CARU/CARU,DF,DS,DF/DS,CENTRAL ID,ID
DF/CAGE/PP,DF,DS,DF/DS,CENTRAL ID,ID
DF/CAGE/CAGE,DF,DS,DF/DS,CENTRAL ID,ID
DF/BERE/CAGE,DF,DS,DF/DS,CENTRAL ID,ID
DF/ACGL/SYOR,DF,DS,DF/DS,CENTRAL ID,ID
PP/FEID,PP,DG,PP/DG,CENTRAL ID,ID
PP/PUTR/FEID,PP,DG,PP/DG,CENTRAL ID,ID
PP/STOC,PP,DG,PP/DG,CENTRAL ID,ID
PP/SYOR,PP,DG,PP/DG,CENTRAL ID,ID
PP/AGSP,PP,DS,PP/DS,CENTRAL ID,ID
PP/SYAL,PP,DS,PP/DS,CENTRAL ID,ID
PP/PUTR/AGSP,PP,DS,PP/DS,CENTRAL ID,ID
ABLA/RIMO/RI,COLDF,DG,COLDF/DG,CENTRAL UT,UT
ABLA/JUCO,COLDF,DG,COLDF/DG,CENTRAL UT,UT
PIEN/RIMO,COLDF,DG,COLDF/DG,CENTRAL UT,UT
ABLA/CARO,COLDF,DG,COLDF/DG,CENTRAL UT,UT
ABLA/RIMO/ME,COLDF,DH,COLDF/DH,CENTRAL UT,UT
ABLA/CAGE,COLDF,DH,COLDF/DH,CENTRAL UT,UT
ABLA/PAMY,COLDF,DH,COLDF/DH,CENTRAL UT,UT
ABLA/VACA/PI,COLDF,DH,COLDF/DH,CENTRAL UT,UT
ABLA/PHMA,COLDF,DH,COLDF/DH,CENTRAL UT,UT
PIPU/EQAR,COLDF,DH,COLDF/DH,CENTRAL UT,UT
ABLA/BERE/PI,COLDF,DS,COLDF/DS,CENTRAL UT,UT
ABLA/BERE/PI,COLDF,DS,COLDF/DS,CENTRAL UT,UT
ABLA/BERE/BE,COLDF,DS,COLDF/DS,CENTRAL UT,UT
PIPU/JUCO,COLDF,DS,COLDF/DS,CENTRAL UT,UT
ABLA/ACCO,COLDF,WF,COLDF/WF,CENTRAL UT,UT
ABCO/JUCO,COOLF,DG,COOLF/DG,CENTRAL UT,UT
ABCO/SYOR,COOLF,DG,COOLF/DG,CENTRAL UT,UT
ABLA/ACGL,COOLF,DH,COOLF/DH,CENTRAL UT,UT
ABCO/CELE,COOLF,DS,COOLF/DS,CENTRAL UT,UT
ABCO/BERE/JU,COOLF,DS,COOLF/DS,CENTRAL UT,UT
ABCO/BERE/BE,COOLF,DS,COOLF/DS,CENTRAL UT,UT
ABCO/ARPA,COOLF,DS,COOLF/DS,CENTRAL UT,UT
ABLA/QUGA,COOLF,DS,COOLF/DS,CENTRAL UT,UT
PSME/SYOR,DF,DG,DF/DG,CENTRAL UT,UT
PSME/ARPA,DF,DG,DF/DG,CENTRAL UT,UT
PSME/CEMO,DF,DG,DF/DG,CENTRAL UT,UT
PIFL/PILO,DF,DS,DF/DS,CENTRAL UT,UT
PIPU/BERE,DF,DS,DF/DS,CENTRAL UT,UT
PSME/BERE/BE,DF,DS,DF/DS,CENTRAL UT,UT
PSME/BERE/PI,DF,DS,DF/DS,CENTRAL UT,UT
PSME/CELE,DF,DS,DF/DS,CENTRAL UT,UT
PSME/QUGA,DF,DS,DF/DS,CENTRAL UT,UT
PIMO/ARPA,PP,DG,PP/DG,CENTRAL UT,UT
PIPO/ARNO,PP,DG,PP/DG,CENTRAL UT,UT
PIPO/CELE,PP,DG,PP/DG,CENTRAL UT,UT
PIPO/MUMO,PP,DG,PP/DG,CENTRAL UT,UT
PIPO/PUTR,PP,DG,PP/DG,CENTRAL UT,UT
PIPO/SYOR,PP,DS,PP/DS,CENTRAL UT,UT
PIPO/QUGA/QU,PP,DS,PP/DS,CENTRAL UT,UT
PIPO/QUGA/SY,PP,DS,PP/DS,CENTRAL UT,UT
WH/XETE,CH,MH,CH/MH,COLVILLE,WA
WH/CLUN,CH,MH,CH/MH,COLVILLE,WA
RC/CLUN,CH,MH,CH/MH,COLVILLE,WA
WH/ARNU,CH,MH,CH/MH,COLVILLE,WA
WH/GYDR,CH,WF,CH/WF,COLVILLE,WA
WH/RUPE,CH,WF,CH/WF,COLVILLE,WA
RC/VAME,CH,WF,CH/WF,COLVILLE,WA
RC/ARNU,CH,WH,CH/WH,COLVILLE,WA
WH/MEFE,CH,WH,CH/WH,COLVILLE,WA
RC/OPHO,CH,WS,CH/WS,COLVILLE,WA
SF/LIBO,COLDF,DH,COLDF/DH,COLVILLE,WA
SF/XETE,COLDF,DH,COLDF/DH,COLVILLE,WA
SF/VAME,COLDF,DH,COLDF/DH,COLVILLE,WA
SF/VASC,COLDF,DS,COLDF/DS,COLVILLE,WA
SF/CLUN,COLDF,MH,COLDF/MH,COLVILLE,WA
SF/RHAL-XETE,COLDF,MH,COLDF/MH,COLVILLE,WA
SF/VACA,COLDF,MH,COLDF/MH,COLVILLE,WA
SF/RHAL,COLDF,WF,COLDF/WF,COLVILLE,WA
SF/COCA,COLDF,WF,COLDF/WF,COLVILLE,WA
ES/EQUIS,COLDF,WF,COLDF/WF,COLVILLE,WA
GF/PHMA,COOLF,DH,COOLF/DH,COLVILLE,WA
GF/VACA,COOLF,MH,COOLF/MH,COLVILLE,WA
SF/TRCA,COOLF,WF,COOLF/WF,COLVILLE,WA
GF/CLUN,COOLF,WF,COOLF/WF,COLVILLE,WA
LP/SHCA,COOLP,MH,COOLP/MH,COLVILLE,WA
SF/CARU,DF,DH,DF/DH,COLVILLE,WA
DF/VAME,DF,DH,DF/DH,COLVILLE,WA
DF/SYAL,DF,DH,DF/DH,COLVILLE,WA
DF/PHMA-LIBO,DF,DH,DF/DH,COLVILLE,WA
DF/PHMA,DF,DH,DF/DH,COLVILLE,WA
DF/CARU/LIBO,DF,DH,DF/DH,COLVILLE,WA
DF-PP/AGSP,DF,DS,DF/DS,COLVILLE,WA
DF/SYOR,DF,DS,DF/DS,COLVILLE,WA
WBP,DF,DS,DF/DS,COLVILLE,WA
DF/VACA,DF,MH,DF/MH,COLVILLE,WA
SF/ARCO/ARCO,COLDF,DG,COLDF/DG,E ID & W WY,ID
SF/ARCO/ASMI,COLDF,DG,COLDF/DG,E ID & W WY,ID
SF/ARCO/SHCA,COLDF,DG,COLDF/DG,E ID & W WY,ID
ES/ARCO,COLDF,DG,COLDF/DG,E ID & W WY,ID
SF/CARO,COLDF,DG,COLDF/DG,E ID & W WY,ID
SF/RIMO/RIMO,COLDF,DG,COLDF/DG,E ID & W WY,ID
ES/JUCO,COLDF,DG,COLDF/DG,E ID & W WY,ID
SF/JUCO,COLDF,DG,COLDF/DG,E ID & W WY,ID
ES/RIMO,COLDF,DG,COLDF/DG,E ID & W WY,ID
ES/HYRE,COLDF,DH,COLDF/DH,E ID & W WY,ID
SF/BERE/BERE,COLDF,DH,COLDF/DH,E ID & W WY,ID
ES/LIBO,COLDF,DH,COLDF/DH,E ID & W WY,ID
SF/VAGL/VAGL,COLDF,DH,COLDF/DH,E ID & W WY,ID
SF/THOC,COLDF,DH,COLDF/DH,E ID & W WY,ID
SF/VAGL/VASC,COLDF,DH,COLDF/DH,E ID & W WY,ID
SF/SYAL,COLDF,DH,COLDF/DH,E ID & W WY,ID
SF/VASC/VASC,COLDF,DH,COLDF/DH,E ID & W WY,ID
SF/RIMO/WBP,COLDF,DH,COLDF/DH,E ID & W WY,ID
SF/PERA,COLDF,DH,COLDF/DH,E ID & W WY,ID
SF/OSCH/OSCH,COLDF,DH,COLDF/DH,E ID & W WY,ID
SF/LIBO/VASC,COLDF,DH,COLDF/DH,E ID & W WY,ID
SF/LIBO/LIBO,COLDF,DH,COLDF/DH,E ID & W WY,ID
SF/CARU/CARU,COLDF,DH,COLDF/DH,E ID & W WY,ID
SF/ACGL,COLDF,DH,COLDF/DH,E ID & W WY,ID
SF/ARCO/ES,COLDF,DH,COLDF/DH,E ID & W WY,ID
SF/ARLA,COLDF,DH,COLDF/DH,E ID & W WY,ID
SF/SPBE,COLDF,DH,COLDF/DH,E ID & W WY,ID
SF/VAGL/PAMY,COLDF,DH,COLDF/DH,E ID & W WY,ID
SF/CACA/CACA,COLDF,DH,COLDF/DH,E ID & W WY,ID
SF/OSCH/PAMY,COLDF,DS,COLDF/DS,E ID & W WY,ID
SF/VASC/WBP,COLDF,DS,COLDF/DS,E ID & W WY,ID
SF/VASC/CARU,COLDF,DS,COLDF/DS,E ID & W WY,ID
SF/PHMA,COLDF,DS,COLDF/DS,E ID & W WY,ID
SF/CARU/PAMY,COLDF,DS,COLDF/DS,E ID & W WY,ID
ES/VASC,COLDF,DS,COLDF/DS,E ID & W WY,ID
ES/CADI,COLDF,WF,COLDF/WF,E ID & W WY,ID
ES/CALE,COLDF,WF,COLDF/WF,E ID & W WY,ID
ES/EQAR,COLDF,WF,COLDF/WF,E ID & W WY,ID
ES/GATR,COLDF,WF,COLDF/WF,E ID & W WY,ID
SF/ACRU,COLDF,WH,COLDF/WH,E ID & W WY,ID
FP/JUCO,COOLP,DG,COOLP/DG,E ID & W WY,ID
WBP/JUCO/SHC,COOLP,DG,COOLP/DG,E ID & W WY,ID
WBP/CAGE,COOLP,DG,COOLP/DG,E ID & W WY,ID
WBP/FEID,COOLP,DG,COOLP/DG,E ID & W WY,ID
WBP/JUCO/JUC,COOLP,DG,COOLP/DG,E ID & W WY,ID
WBP/CARO/LP,COOLP,DG,COOLP/DG,E ID & W WY,ID
WBP/CARO/CAR,COOLP,DG,COOLP/DG,E ID & W WY,ID
FP/FEID,COOLP,DS,COOLP/DS,E ID & W WY,ID
WBP/VASC,COOLP,DS,COOLP/DS,E ID & W WY,ID
FP/HEKI,DF,DG,DF/DG,E ID & W WY,ID
DF/ARCO/ARCO,DF,DG,DF/DG,E ID & W WY,ID
DF/ARCO/ASMI,DF,DG,DF/DG,E ID & W WY,ID
DF/VAGL,DF,DH,DF/DH,E ID & W WY,ID
DF/ACGL/PAMY,DF,DH,DF/DH,E ID & W WY,ID
DF/PHMA/PAMY,DF,DH,DF/DH,E ID & W WY,ID
DF/SPBE/CARU,DF,DS,DF/DS,E ID & W WY,ID
DF/JUCO,DF,DS,DF/DS,E ID & W WY,ID
DF/CARU/CARU,DF,DS,DF/DS,E ID & W WY,ID
DF/BERE/SYOR,DF,DS,DF/DS,E ID & W WY,ID
DF/BERE/JUCO,DF,DS,DF/DS,E ID & W WY,ID
DF/BERE/BERE,DF,DS,DF/DS,E ID & W WY,ID
FP/CELE,DF,DS,DF/DS,E ID & W WY,ID
DF/SYOR,DF,DS,DF/DS,E ID & W WY,ID
DF/SYAL,DF,DS,DF/DS,E ID & W WY,ID
DF/SPBE/SPBE,DF,DS,DF/DS,E ID & W WY,ID
DF/PHMA/DF,DF,DS,DF/DS,E ID & W WY,ID
DF/OSCH,DF,DS,DF/DS,E ID & W WY,ID
DF/CELE,DF,DS,DF/DS,E ID & W WY,ID
DF/CARU/PAMY,DF,DS,DF/DS,E ID & W WY,ID
RC/GF/ACTR,CH,DH,CH/DH,E MT HOOD,OR
WH/GF/CLUN,CH,MH,CH/MH,E MT HOOD,OR
GF/SYMPH,COOLF,DH,COOLF/DH,E MT HOOD,OR
GF/POPU,COOLF,DH,COOLF/DH,E MT HOOD,OR
GF/LIBO,COOLF,DH,COOLF/DH,E MT HOOD,OR
GF/CAGE,COOLF,DH,COOLF/DH,E MT HOOD,OR
GF/CACH,COOLF,DH,COOLF/DH,E MT HOOD,OR
GF/ACTR,COOLF,DH,COOLF/DH,E MT HOOD,OR
GF/HODI,COOLF,DH,COOLF/DH,E MT HOOD,OR
GF/ACCI/ACTR,COOLF,DH,COOLF/DH,E MT HOOD,OR
GF/TRLA,COOLF,DS,COOLF/DS,E MT HOOD,OR
GF/ES/SMST,COOLF,MH,COOLF/MH,E MT HOOD,OR
DF/CAGE,DF,DS,DF/DS,E MT HOOD,OR
DF/FEOC,DF,DS,DF/DS,E MT HOOD,OR
DF/HODI/CAGE,DF,DS,DF/DS,E MT HOOD,OR
DF/SYAL,DF,DS,DF/DS,E MT HOOD,OR
PP/QUGA/PUTR,PP,DG,PP/DG,E MT HOOD,OR
PP/QUGA/BASA,PP,DG,PP/DG,E MT HOOD,OR
DF/ARNE,PP,DS,PP/DS,E MT HOOD,OR
RC/CLUN/MEFE,CH,MH,CH/MH,MONTANA,MT
WH/CLUN/CLUN,CH,MH,CH/MH,MONTANA,MT
RC/CLUN/CLUN,CH,MH,CH/MH,MONTANA,MT
RC/CLUN/ARNU,CH,WF,CH/WF,MONTANA,MT
WH/CLUN/ARNU,CH,WH,CH/WH,MONTANA,MT
RC/OPHO,CH,WS,CH/WS,MONTANA,MT
SF/ARCO,COLDF,DG,COLDF/DG,MONTANA,MT
ES/SEST/PSM,COLDF,DG,COLDF/DG,MONTANA,MT
ES/SEST/PIC,COLDF,DG,COLDF/DG,MONTANA,MT
SF/RIMO,COLDF,DG,COLDF/DG,MONTANA,UT
SF/LIBO/VACA,COLDF,DH,COLDF/DH,MONTANA,MT
SF/MH/XETE,COLDF,DH,COLDF/DH,MONTANA,MT
SF/VASC/CARU,COLDF,DH,COLDF/DH,MONTANA,MT
ES/VACA,COLDF,DH,COLDF/DH,MONTANA,MT
SF/LIBO/LIBO,COLDF,DH,COLDF/DH,MONTANA,MT
SF/SF/WBP,COLDF,DH,COLDF/DH,MONTANA,MT
SF/VAGL,COLDF,DH,COLDF/DH,MONTANA,MT
SF/LALY/SF,COLDF,DH,COLDF/DH,MONTANA,MT
SF/MH/MEFE,COLDF,DH,COLDF/DH,MONTANA,MT
SF/MEFE,COLDF,DH,COLDF/DH,MONTANA,MT
SF/LUHI/VASC,COLDF,DH,COLDF/DH,MONTANA,MT
SF/LIBO/XETE,COLDF,DH,COLDF/DH,MONTANA,MT
SF/ALSI,COLDF,DH,COLDF/DH,MONTANA,MT
SF/VACA,COLDF,DH,COLDF/DH,MONTANA,MT
SF/XETE/VASC,COLDF,DH,COLDF/DH,MONTANA,MT
SF/CACA/VACA,COLDF,DH,COLDF/DH,MONTANA,MT
ES/GATR,COLDF,DH,COLDF/DH,MONTANA,MT
ES/LIBO,COLDF,DH,COLDF/DH,MONTANA,MT
SF/XETE/VAGL,COLDF,DH,COLDF/DH,MONTANA,MT
SF/WBP/SF,COLDF,DH,COLDF/DH,MONTANA,MT
SF/CARU,COLDF,DH,COLDF/DH,MONTANA,MT
SF/VASC/THOC,COLDF,DH,COLDF/DH,MONTANA,MT
ES/SMST,COLDF,DH,COLDF/DH,MONTANA,MT
SF/LUHI/MEFE,COLDF,DH,COLDF/DH,MONTANA,MT
ES/PHMA,COLDF,DH,COLDF/DH,MONTANA,MT
SF/CLPS,COLDF,DS,COLDF/DS,MONTANA,MT
SF/CAGE/DF,COLDF,DS,COLDF/DS,MONTANA,MT
SF/VASC/VASC,COLDF,DS,COLDF/DS,MONTANA,MT
SF/CAGE/CAGE,COLDF,DS,COLDF/DS,MONTANA,MT
SF/GATR,COLDF,MH,COLDF/MH,MONTANA,MT
SF/CLUN/XETE,COLDF,MH,COLDF/MH,MONTANA,MT
SF/CLUN/VACA,COLDF,MH,COLDF/MH,MONTANA,MT
ES/CLUN/VAC,COLDF,MH,COLDF/MH,MONTANA,MT
SF/CLUN/CLUN,COLDF,MH,COLDF/MH,MONTANA,MT
ES/CLUN/CLU,COLDF,WF,COLDF/WF,MONTANA,MT
ES/EQAR,COLDF,WF,COLDF/WF,MONTANA,MT
SF/CACA/CACA,COLDF,WF,COLDF/WF,MONTANA,MT
SF/CACA/GATR,COLDF,WF,COLDF/WF,MONTANA,MT
SF/CLUN/ARNU,COLDF,WF,COLDF/WF,MONTANA,MT
SF/OPHO,COLDF,WS,COLDF/WS,MONTANA,MT
GF/LIBO/LIBO,COOLF,DH,COOLF/DH,MONTANA,MT
GF/LIBO/XETE,COOLF,DH,COOLF/DH,MONTANA,MT
GF/XETE,COOLF,DH,COOLF/DH,MONTANA,MT
SF/CLUN/MEFE,COOLF,MH,COOLF/MH,MONTANA,MT
GF/CLUN/CLUN,COOLF,MH,COOLF/MH,MONTANA,MT
GF/CLUN/XETE,COOLF,MH,COOLF/MH,MONTANA,MT
GF/CLUN/ARNU,COOLF,WF,COOLF/WF,MONTANA,MT
LP/PUTR,COOLP,DG,COOLP/DG,MONTANA,MT
LP/LIBO,COOLP,DH,COOLP/DH,MONTANA,MT
LP/VACA,COOLP,DH,COOLP/DH,MONTANA,MT
SF/WBP,COOLP,DS,COOLP/DS,MONTANA,MT
LP/VASC,COOLP,DS,COOLP/DS,MONTANA,MT
LP/CARU,COOLP,DS,COOLP/DS,MONTANA,MT
FP/FEID/FEID,DF,DG,DF/DG,MONTANA,MT
DF/FEID,DF,DG,DF/DG,MONTANA,MT
FP/FEID/FESC,DF,DG,DF/DG,MONTANA,MT
DF/LIBO/VAGL,DF,DH,DF/DH,MONTANA,MT
DF/PHMA/PHMA,DF,DH,DF/DH,MONTANA,MT
DF/SYAL/SYAL,DF,DH,DF/DH,MONTANA,MT
DF/LIBO/SYAL,DF,DH,DF/DH,MONTANA,MT
DF/LIBO/CARU,DF,DH,DF/DH,MONTANA,MT
DF/VACA,DF,DH,DF/DH,MONTANA,MT
DF/SYAL/CARU,DF,DH,DF/DH,MONTANA,MT
DF/VAGL/ARUV,DF,DH,DF/DH,MONTANA,MT
DF/VAGL/VAGL,DF,DH,DF/DH,MONTANA,MT
DF/VAGL/XETE,DF,DH,DF/DH,MONTANA,MT
DF/FESC,DF,DS,DF/DS,MONTANA,MT
DF/JUCO,DF,DS,DF/DS,MONTANA,MT
DF/PHMA/CARU,DF,DS,DF/DS,MONTANA,MT
DF/SPBE,DF,DS,DF/DS,MONTANA,MT
DF/SYAL/AGSP,DF,DS,DF/DS,MONTANA,MT
FP/JUCO,DF,DS,DF/DS,MONTANA,MT
DF/CAGE,DF,DS,DF/DS,MONTANA,MT
DF/CARU/PP,DF,DS,DF/DS,MONTANA,MT
DF/CARU/CARU,DF,DS,DF/DS,MONTANA,MT
DF/CARU/ARUV,DF,DS,DF/DS,MONTANA,MT
DF/CARU/AGSP,DF,DS,DF/DS,MONTANA,MT
DF/AGSP,DF,DS,DF/DS,MONTANA,MT
DF/ARCO,DF,DS,DF/DS,MONTANA,MT
DF/ARUV,DF,DS,DF/DS,MONTANA,MT
FP/AGSP,PP,DG,PP/DG,MONTANA,MT
PP/PUTR/FEID,PP,DG,PP/DG,MONTANA,MT
PP/AGSP,PP,DG,PP/DG,MONTANA,MT
PP/SYAL/SYAL,PP,DS,PP/DS,MONTANA,MT
PP/SYAL/BERE,PP,DS,PP/DS,MONTANA,MT
PP/PUTR/AGSP,PP,DS,PP/DS,MONTANA,MT
PP/PRVI/PRVI,PP,DS,PP/DS,MONTANA,MT
PP/FEID/FESC,PP,DS,PP/DS,MONTANA,MT
PP/FEID/FEID,PP,DS,PP/DS,MONTANA,MT
WH/MEFE,CH,DH,CH/DH,NORTH ID,ID
WH/ASCA/MEFE,CH,MH,CH/MH,NORTH ID,ID
WH/CLUN/ARNU,CH,MH,CH/MH,NORTH ID,ID
WH/CLUN/CLUN,CH,MH,CH/MH,NORTH ID,ID
WH/CLUN/MEFE,CH,MH,CH/MH,NORTH ID,ID
RC/CLUN/CLUN,CH,MH,CH/MH,NORTH ID,ID
RC/CLUN/MEFE,CH,MH,CH/MH,NORTH ID,ID
RC/CLUN/TABR,CH,MH,CH/MH,NORTH ID,ID
RC/CLUN/XETE,CH,MH,CH/MH,NORTH ID,ID
WH/CLUN/XETE,CH,MH,CH/MH,NORTH ID,ID
WH/GYDR,CH,WF,CH/WF,NORTH ID,ID
RC/ATFI/ATFI,CH,WF,CH/WF,NORTH ID,ID
RC/ATF/ADPE,CH,WF,CH/WF,NORTH ID,ID
WH/ASCA/ASCA,CH,WH,CH/WH,NORTH ID,ID
WH/ASCA/ARNU,CH,WH,CH/WH,NORTH ID,ID
RC/ADPE,CH,WH,CH/WH,NORTH ID,ID
RC/ASCA/ASCA,CH,WH,CH/WH,NORTH ID,ID
RC/ASCA/MEFE,CH,WH,CH/WH,NORTH ID,ID
RC/ASCA/TABR,CH,WH,CH/WH,NORTH ID,ID
RC/GYDR,CH,WH,CH/WH,NORTH ID,ID
RC/OPHO,CH,WS,CH/WS,NORTH ID,ID
SF/MEFE/LUHI,COLDF,DH,COLDF/DH,NORTH ID,ID
SF/LUHI,COLDF,DH,COLDF/DH,NORTH ID,ID
SF/MEFE/COOC,COLDF,DH,COLDF/DH,NORTH ID,ID
SF/XETE/VASC,COLDF,DH,COLDF/DH,NORTH ID,ID
SF/CACA/VACA,COLDF,DH,COLDF/DH,NORTH ID,ID
MH/XETE/VASC,COLDF,DH,COLDF/DH,NORTH ID,ID
MH/XETE/VAGL,COLDF,DH,COLDF/DH,NORTH ID,ID
MH/MEFE/LUHI,COLDF,DH,COLDF/DH,NORTH ID,ID
SF/XETE/LUHI,COLDF,DH,COLDF/DH,NORTH ID,ID
SF/MEFE/XETE,COLDF,DH,COLDF/DH,NORTH ID,ID
MH/MEFE/XETE,COLDF,DH,COLDF/DH,NORTH ID,ID
SF/XETE/VAGL,COLDF,DH,COLDF/DH,NORTH ID,ID
SF/MEFE/VASC,COLDF,DH,COLDF/DH,NORTH ID,ID
MH/XETE/LUHI,COLDF,DH,COLDF/DH,NORTH ID,ID
MH/CLUN/XETE,COLDF,MH,COLDF/MH,NORTH ID,ID
SF/CACA/LEGL,COLDF,WF,COLDF/WF,NORTH ID,ID
MH/STAM/MEFE,COLDF,WF,COLDF/WF,NORTH ID,ID
MH/STAM/LUHI,COLDF,WF,COLDF/WF,NORTH ID,ID
SF/CACA/LICA,COLDF,WF,COLDF/WF,NORTH ID,ID
SF/XETE/COOC,COOLF,DH,COOLF/DH,NORTH ID,ID
GF/LIBO/LIBO,COOLF,DH,COOLF/DH,NORTH ID,ID
GF/LIBO/XETE,COOLF,DH,COOLF/DH,NORTH ID,ID
GF/SPBE,COOLF,DH,COOLF/DH,NORTH ID,ID
GF/XETE/COOC,COOLF,DH,COOLF/DH,NORTH ID,ID
GF/PHMA/PHMA,COOLF,DH,COOLF/DH,NORTH ID,ID
GF/XETE/VAGL,COOLF,DH,COOLF/DH,NORTH ID,ID
MH/CLUN/MEFE,COOLF,MH,COOLF/MH,NORTH ID,ID
SF/CLUN/XETE,COOLF,MH,COOLF/MH,NORTH ID,ID
GF/PHMA/COOC,COOLF,MH,COOLF/MH,NORTH ID,ID
SF/CLUN/MEFE,COOLF,MH,COOLF/MH,NORTH ID,ID
GF/CLUN/CLUN,COOLF,MH,COOLF/MH,NORTH ID,ID
GF/CLUN/MEFE,COOLF,MH,COOLF/MH,NORTH ID,ID
SF/CLUN/CLUN,COOLF,MH,COOLF/MH,NORTH ID,ID
GF/CLUN/PHMA,COOLF,MH,COOLF/MH,NORTH ID,ID
GF/CLUN/XETE,COOLF,MH,COOLF/MH,NORTH ID,ID
GF/CLUN/TABR,COOLF,MH,COOLF/MH,NORTH ID,ID
GF/SETR,COOLF,WF,COOLF/WF,NORTH ID,ID
SF/STAM/MEFE,COOLF,WF,COOLF/WF,NORTH ID,ID
SF/STAM/LICA,COOLF,WF,COOLF/WF,NORTH ID,ID
GF/ASCA/ASCA,COOLF,WH,COOLF/WH,NORTH ID,ID
GF/ASCA/TABR,COOLF,WH,COOLF/WH,NORTH ID,ID
GF/ASCA/MEFE,COOLF,WH,COOLF/WH,NORTH ID,ID
LP/XETE,COOLP,DH,COOLP/DH,NORTH ID,ID
LP/VASC,COOLP,DH,COOLP/DH,NORTH ID,ID
LP/VACA,COOLP,DH,COOLP/DH,NORTH ID,ID
DF/PHMA/PHMA,DF,DH,DF/DH,NORTH ID,ID
DF/CARU/CARU,DF,DH,DF/DH,NORTH ID,ID
DF/AGSP,DF,DH,DF/DH,NORTH ID,ID
DF/PHMA/SMST,DF,DH,DF/DH,NORTH ID,ID
DF/SYAL,DF,DH,DF/DH,NORTH ID,ID
DF/VACA,DF,DH,DF/DH,NORTH ID,ID
DF/FEID,DF,DS,DF/DS,NORTH ID,ID
DF/SPBE,DF,DS,DF/DS,NORTH ID,ID
DF/CARU/ARUV,DF,DS,DF/DS,NORTH ID,ID
PP/AGSP,PP,DG,PP/DG,NORTH ID,ID
PP/PHMA,PP,DH,PP/DH,NORTH ID,ID
PP/SYAL,PP,DS,PP/DS,NORTH ID,ID
PP/FEID,PP,DS,PP/DS,NORTH ID,ID
ABLA/RIMO/TR,COLDF,DG,COLDF/DG,NORTH UT,UT
ABLA/JUCO,COLDF,DG,COLDF/DG,NORTH UT,UT
ABLA/OSCH,COLDF,DG,COLDF/DG,NORTH UT,UT
ABLA/RIMO/TH,COLDF,DG,COLDF/DG,NORTH UT,UT
ABLA/RIMO/PI,COLDF,DG,COLDF/DG,NORTH UT,UT
ABLA/RIMO/RI,COLDF,DH,COLDF/DH,NORTH UT,UT
ABLA/ACGL,COLDF,DH,COLDF/DH,NORTH UT,UT
ABLA/BERE/RI,COLDF,DH,COLDF/DH,NORTH UT,UT
ABLA/VASC/AR,COLDF,DH,COLDF/DH,NORTH UT,UT
PIEN/EQAR,COLDF,DH,COLDF/DH,NORTH UT,UT
ABLA/VAGL,COLDF,DH,COLDF/DH,NORTH UT,UT
ABLA/PERA/PS,COLDF,DH,COLDF/DH,NORTH UT,UT
ABLA/PERA/PE,COLDF,DH,COLDF/DH,NORTH UT,UT
ABLA/PHMA,COLDF,DH,COLDF/DH,NORTH UT,UT
PIEN/VACA,COLDF,DS,COLDF/DS,NORTH UT,UT
PIEN/CALE,COLDF,DS,COLDF/DS,NORTH UT,UT
ABLA/VASC/CA,COLDF,DS,COLDF/DS,NORTH UT,UT
ABLA/VACA,COLDF,DS,COLDF/DS,NORTH UT,UT
PIEN/VASC,COLDF,DS,COLDF/DS,NORTH UT,UT
ABLA/VASC/VA,COLDF,DS,COLDF/DS,NORTH UT,UT
ABLA/BERE/PI,COLDF,DS,COLDF/DS,NORTH UT,UT
ABLA/BERE/BE,COLDF,DS,COLDF/DS,NORTH UT,UT
ABLA/CARU,COLDF,DS,COLDF/DS,NORTH UT,UT
ABLA/BERE/PS,COLDF,DS,COLDF/DS,NORTH UT,UT
ABLA/BERE/CA,COLDF,DS,COLDF/DS,NORTH UT,UT
ABLA/BERE/JU,COLDF,DS,COLDF/DS,NORTH UT,UT
ABLA/CACA,COLDF,WF,COLDF/WF,NORTH UT,UT
ABLA/STAM,COLDF,WF,COLDF/WF,NORTH UT,UT
ABLA/ACRU,COLDF,WH,COLDF/WH,NORTH UT,UT
ABCO/OSCH,COOLF,DS,COOLF/DS,NORTH UT,UT
ABCO/PHMA,COOLF,DS,COOLF/DS,NORTH UT,UT
ABCO/BERE/SY,COOLF,DS,COOLF/DS,NORTH UT,UT
ABCO/BERE/BE,COOLF,DS,COOLF/DS,NORTH UT,UT
PICO/ARUV,COOLP,DG,COOLP/DG,NORTH UT,UT
PICO/BERE,COOLP,DG,COOLP/DG,NORTH UT,UT
PICO/CACA,COOLP,DG,COOLP/DG,NORTH UT,UT
PICO/JUCO,COOLP,DG,COOLP/DG,NORTH UT,UT
PICO/CARO,COOLP,DG,COOLP/DG,NORTH UT,UT
PICO/VASC,COOLP,DS,COOLP/DS,NORTH UT,UT
PICO/VACA,COOLP,DS,COOLP/DS,NORTH UT,UT
PSME/SYOR,DF,DG,DF/DG,NORTH UT,UT
PSME/PHMA,DF,DS,DF/DS,NORTH UT,UT
PSME/OSCH,DF,DS,DF/DS,NORTH UT,UT
PIFL/BERE,DF,DS,DF/DS,NORTH UT,UT
PIFL/CELE,DF,DS,DF/DS,NORTH UT,UT
PIPU/AGSP,DF,DS,DF/DS,NORTH UT,UT
PIPU/BERE,DF,DS,DF/DS,NORTH UT,UT
PSME/ACGL,DF,DS,DF/DS,NORTH UT,UT
PSME/BERE/BE,DF,DS,DF/DS,NORTH UT,UT
PSME/BERE/CA,DF,DS,DF/DS,NORTH UT,UT
PSME/BERE/JU,DF,DS,DF/DS,NORTH UT,UT
PSME/BERE/SY,DF,DS,DF/DS,NORTH UT,UT
PSME/CELE,DF,DS,DF/DS,NORTH UT,UT
PIPO/FEID/FE,PP,DG,PP/DG,NORTH UT,UT
PIPO/FEID/AR,PP,DS,PP/DS,NORTH UT,UT
PIPO/FEID/AR,PP,DS,PP/DS,NORTH UT,UT
PIPO/CAGE,PP,DS,PP/DS,NORTH UT,UT
SF/RHAL,COLDF,DH,COLDF/DH,OKANOGAN,WA
SF/LIBOL,COLDF,DH,COLDF/DH,OKANOGAN,WA
SF/PAMY,COLDF,DH,COLDF/DH,OKANOGAN,WA
SF/VASC/CARU,COLDF,DH,COLDF/DH,OKANOGAN,WA
SF/VACCI,COLDF,DH,COLDF/DH,OKANOGAN,WA
SF/CARU,COLDF,DS,COLDF/DS,OKANOGAN,WA
SF/PHEM,COLDF,DS,COLDF/DS,OKANOGAN,WA
SF/VASC,COLDF,DS,COLDF/DS,OKANOGAN,WA
ES/EQUIS,COLDF,WH,COLDF/WH,OKANOGAN,WA
TA/SYAL,COOLP,DH,COOLP/DH,OKANOGAN,WA
TA/CARU,COOLP,DS,COOLP/DS,OKANOGAN,WA
DF/VACCI,DF,DH,DF/DH,OKANOGAN,WA
DF/PHMA,DF,DS,DF/DS,OKANOGAN,WA
DF/PAMY,DF,DS,DF/DS,OKANOGAN,WA
DF/CARU,DF,DS,DF/DS,OKANOGAN,WA
DF/ARUV-PUTR,DF,DS,DF/DS,OKANOGAN,WA
DF/ARUV,DF,DS,DF/DS,OKANOGAN,WA
DF/SYOR,DF,DS,DF/DS,OKANOGAN,WA
DF/SYAL,DF,DS,DF/DS,OKANOGAN,WA
PP-DF/AGIN,DF,DS,DF/DS,OKANOGAN,WA
WBP/CARU,DF,DS,DF/DS,OKANOGAN,WA
SF/LIBO,COLDF,DH,COLDF/DH,WALLOWA,OR
MH/VAME,COLDF,DH,COLDF/DH,WALLOWA,OR
SF/MEFE,COLDF,DH,COLDF/DH,WALLOWA,OR
SF/VAME,COLDF,DH,COLDF/DH,WALLOWA,OR
SF/VASC/POPU,COLDF,DS,COLDF/DS,WALLOWA,WA
MH/VASC,COLDF,DS,COLDF/DS,WALLOWA,WA
SF/CLUN,COLDF,MH,COLDF/MH,WALLOWA,OR
GF/ACGL,COOLF,DH,COOLF/DH,WALLOWA,OR
GF/CARU,COOLF,DH,COOLF/DH,WALLOWA,OR
GF/LIBO,COOLF,DH,COOLF/DH,WALLOWA,OR
GF/VAME,COOLF,DH,COOLF/DH,WALLOWA,OR
GF/SPBE,COOLF,DS,COOLF/DS,WALLOWA,WA
GF/TABR/CLUN,COOLF,MH,COOLF/MH,WALLOWA,WA
GF/CLUN,COOLF,MH,COOLF/MH,WALLOWA,WA
LP/VASC(SF,COOLP,DH,COOLP/DH,WALLOWA,OR
LP/VAME(SF,COOLP,DH,COOLP/DH,WALLOWA,OR
LP/LIBO(GF,COOLP,DH,COOLP/DH,WALLOWA,OR
DF/PHMA,DF,DH,DF/DH,WALLOWA,OR
DF/ACGL/PHMA,DF,DH,DF/DH,WALLOWA,OR
DF/SYOR,DF,DS,DF/DS,WALLOWA,OR
DF/SYAL,DF,DS,DF/DS,WALLOWA,OR
DF/SPBE,DF,DS,DF/DS,WALLOWA,OR
DF/CARU,DF,DS,DF/DS,WALLOWA,OR
PP/AGSP,PP,DG,PP/DG,WALLOWA,OR
PP/FEID,PP,DG,PP/DG,WALLOWA,OR
PP/SYAL,PP,DS,PP/DS,WALLOWA,OR
TSHE/BENE,CH,DH,CH/DH,WENATCHEE,WA
TSHE/PAMY-CLUN,CH,DH,CH/DH,WENATCHEE,WA
TSME/VAAL,CH,DH,CH/DH,WENATCHEE,WA
TSME/VAME,CH,DH,CH/DH,WENATCHEE,WA
ABAM/VAME-CLUN,CH,MH,CH/MH,WENATCHEE,WA
TSHE/ACCI-ACTR,CH,MH,CH/MH,WENATCHEE,WA
TSHE/ACCI-ASCA,CH,MH,CH/MH,WENATCHEE,WA
TSHE/ACCI-CLUN,CH,MH,CH/MH,WENATCHEE,WA
TSHE/ACTR,CH,MH,CH/MH,WENATCHEE,WA
ABAM/ACCI,CH,MH,CH/MH,WENATCHEE,WA
ABAM/ACTR,CH,MH,CH/MH,WENATCHEE,WA
ABAM/MEFE,CH,MH,CH/MH,WENATCHEE,WA
ABAM/RHAL-VAME,CH,MH,CH/MH,WENATCHEE,WA
ABAM/VAAL,CH,MH,CH/MH,WENATCHEE,WA
ABAM/VAME-PYSE,CH,MH,CH/MH,WENATCHEE,WA
TSME/MEFE-VAAL,CH,MH,CH/MH,WENATCHEE,WA
ABAM/TITR,CH,WF,CH/WF,WENATCHEE,WA
TSHE/ASCA,CH,WH,CH/WH,WENATCHEE,WA
THPL/OPHO,CH,WS,CH/WS,WENATCHEE,WA
ABAM/OPHO,CH,WS,CH/WS,WENATCHEE,WA
ABLA/ARLA-POPU,COLDF,DG,COLDF/DG,WENATCHEE,WA
ABLA/LIBO,COLDF,DG,COLDF/DG,WENATCHEE,WA
TSME/PHEM-VADE,COLDF,DH,COLDF/DH,WENATCHEE,WA
ABLA/LUHI,COLDF,DH,COLDF/DH,WENATCHEE,WA
ABLA/RHAL,COLDF,DH,COLDF/DH,WENATCHEE,WA
ABLA/RHAL-LUHI,COLDF,DH,COLDF/DH,WENATCHEE,WA
ABLA/VACA,COLDF,DH,COLDF/DH,WENATCHEE,WA
ABLA/VADE,COLDF,DH,COLDF/DH,WENATCHEE,WA
ABLA/VAME,COLDF,DH,COLDF/DH,WENATCHEE,WA
ABLA/PAMY,COLDF,DS,COLDF/DS,WENATCHEE,WA
ABLA/RULA,COLDF,DS,COLDF/DS,WENATCHEE,WA
ABLA/VASC,COLDF,DS,COLDF/DS,WENATCHEE,WA
ABLA/VASC-ARLA,COLDF,DS,COLDF/DS,WENATCHEE,WA
ABLA/VASC-LUHI,COLDF,DS,COLDF/DS,WENATCHEE,WA
LALY/VASC-LUHI,COLDF,DS,COLDF/DS,WENATCHEE,WA
PIEN/EQUIS,COLDF,WF,COLDF/WF,WENATCHEE,WA
ABGR/ARCO,COOLF,DG,COOLF/DG,WENATCHEE,WA
TSME/RULA,COOLF,DG,COOLF/DG,WENATCHEE,WA
TSME/XETE-VAMY,COOLF,DG,COOLF/DG,WENATCHEE,WA
ABGR/ACCI-CHUM,COOLF,DH,COOLF/DH,WENATCHEE,WA
ABAM/RULA,COOLF,DH,COOLF/DH,WENATCHEE,WA
TSME/LUHI,COOLF,DH,COOLF/DH,WENATCHEE,WA
TSME/MEFE-VAME,COOLF,DH,COOLF/DH,WENATCHEE,WA
TSME/RHAL-VAME,COOLF,DH,COOLF/DH,WENATCHEE,WA
TSME/RHAL-VAAL,COOLF,DH,COOLF/DH,WENATCHEE,WA
ABGR/ACCI,COOLF,DS,COOLF/DS,WENATCHEE,WA
ABGR/BENE,COOLF,DS,COOLF/DS,WENATCHEE,WA
ABGR/BENE-CARU,COOLF,DS,COOLF/DS,WENATCHEE,WA
ABGR/CARU,COOLF,DS,COOLF/DS,WENATCHEE,WA
ABGR/CARU-LUPIN,COOLF,DS,COOLF/DS,WENATCHEE,WA
ABGR/HODI-CARU,COOLF,DS,COOLF/DS,WENATCHEE,WA
ABGR/SPBE-PTAQ,COOLF,DS,COOLF/DS,WENATCHEE,WA
ABGR/SYAL-CARU,COOLF,DS,COOLF/DS,WENATCHEE,WA
TSME/VASC-LUHI,COOLF,DS,COOLF/DS,WENATCHEE,WA
ABGR/ACCI-CLUN,COOLF,MH,COOLF/MH,WENATCHEE,WA
ABGR/ACTR,COOLF,MH,COOLF/MH,WENATCHEE,WA
PIAL/FEVI,COOLP,DG,COOLP/DG,WENATCHEE,WA
PIAL/JUCO,COOLP,DG,COOLP/DG,WENATCHEE,WA
LALY/CAME-LUPE,COOLP,DG,COOLP/DG,WENATCHEE,WA
LALY/DROC,COOLP,DG,COOLP/DG,WENATCHEE,WA
LALY/JUCO,COOLP,DG,COOLP/DG,WENATCHEE,WA
LALY/VADE-CAME,COOLP,DG,COOLP/DG,WENATCHEE,WA
PIAL/CARU,COOLP,DS,COOLP/DS,WENATCHEE,WA
PIAL/VASC-LUHI,COOLP,DS,COOLP/DS,WENATCHEE,WA
PSME/AGSP,DF,DG,DF/DG,WENATCHEE,WA
PSME/AGSP-ASDE,DF,DG,DF/DG,WENATCHEE,WA
PSME/CAGE,DF,DG,DF/DG,WENATCHEE,WA
PSME/PEFR,DF,DG,DF/DG,WENATCHEE,WA
PSME/PUTR,DF,DG,DF/DG,WENATCHEE,WA
PSME/PUTR-AGSP,DF,DG,DF/DG,WENATCHEE,WA
PSME/SYOR,DF,DG,DF/DG,WENATCHEE,WA
PSME/ARUV,DF,DH,DF/DH,WENATCHEE,WA
PSME/ARUV-PUTR,DF,DH,DF/DH,WENATCHEE,WA
PSME/ARUV-CARU,DF,DH,DF/DH,WENATCHEE,WA
PSME/VACA,DF,DH,DF/DH,WENATCHEE,WA
TSHE/ARNE,DF,DH,DF/DH,WENATCHEE,WA
QUGA/CARU-CAGE,DF,DS,DF/DS,WENATCHEE,WA
QUGA/COCO-SYAL,DF,DS,DF/DS,WENATCHEE,WA
PSME/CARU,DF,DS,DF/DS,WENATCHEE,WA
PSME/CARU-AGSP,DF,DS,DF/DS,WENATCHEE,WA
PSME/PAMY,DF,DS,DF/DS,WENATCHEE,WA
PSME/PAMY-CARU,DF,DS,DF/DS,WENATCHEE,WA
PSME/PUTR-CARU,DF,DS,DF/DS,WENATCHEE,WA
PSME/SPBE,DF,DS,DF/DS,WENATCHEE,WA
PSME/SPBE-CARU,DF,DS,DF/DS,WENATCHEE,WA
PSME/SYAL,DF,DS,DF/DS,WENATCHEE,WA
PSME/SYAL-AGSP,DF,DS,DF/DS,WENATCHEE,WA
PSME/SYAL-CARU,DF,DS,DF/DS,WENATCHEE,WA
PSME/VAMY,DF,DS,DF/DS,WENATCHEE,WA
PSME/VAMY-CARU,DF,DS,DF/DS,WENATCHEE,WA
ABGR/ARNE,DF,DS,DF/DS,WENATCHEE,WA
ABGR/SYOR,DF,DS,DF/DS,WENATCHEE,WA
ABLA/CARU,DF,DS,DF/DS,WENATCHEE,WA
ABLA/PAMY-CARU,DF,DS,DF/DS,WENATCHEE,WA
ABLA/VASC-CARU,DF,DS,DF/DS,WENATCHEE,WA
QUGA/AGSP,PP,DG,PP/DG,WENATCHEE,WA
PIPO/AGSP,PP,DG,PP/DG,WENATCHEE,WA
PIPO/PUTR-AGSP,PP,DG,PP/DG,WENATCHEE,WA
PIPO/CARU-AGSP,PP,DS,PP/DS,WENATCHEE,WA
